SourceFile,Video Classes 1,Keywords
A001_C001_1030VO.mp4,Splash Screen,Kitchen
A001_C002_10301F.mp4,Splash Screen,Kitchen
A001_C003_1030Y0.mp4,Splash Screen,Kitchen
A001_C004_1030VL.mp4,Splash Screen,Kitchen
A001_C005_10303O.mp4,Splash Screen,Kitchen
A001_C006_1030D3.mp4,Splash Screen,Kitchen
A001_C007_1030D1.mp4,Splash Screen,Kitchen
A001_C008_10307F.mp4,Splash Screen,Kitchen
A001_C009_10302P.mp4,Splash Screen,Kitchen
A001_C010_1030E8.mp4,Product opening,Washing Machine
A001_C011_10303H.mp4,Product opening,Washing Machine
A001_C012_1030BM.mp4,Product opening,Washing Machine
A001_C013_1030QI.mp4,Product opening,Washing Machine
A001_C014_103013.mp4,Product opening,Washing Machine
A001_C015_103021.mp4,Product opening,Washing Machine
A001_C016_1030Y8.mp4,Product opening,Washing Machine
A001_C017_1030CS.mp4,Product opening,Washing Machine
A001_C018_10307N.mp4,Product opening,Washing Machine
A002_C001_10308D.mp4,Clapperboard,Washing Machine
A002_C002_1030ER.mp4,Product opening,Washing Machine
A002_C003_10304U.mp4,Product opening,Washing Machine
A002_C004_1030E0.mp4,Product opening,Washing Machine
A002_C005_1030V5.mp4,Product opening,Washing Machine
A002_C006_1030F7.mp4,Clapperboard,Washing Machine
A002_C007_1030N1.mp4,Product opening,Washing Machine
A002_C008_1030BQ.mp4,Product opening,Washing Machine
A002_C009_1030X0.mp4,Product opening,Washing Machine
A002_C010_1030L8.mp4,Clapperboard,Washing Machine
A002_C011_1030RI.mp4,Product opening,Washing Machine
A002_C012_1030UL.mp4,Product opening,Washing Machine
A002_C013_10303J.mp4,Product opening,Washing Machine
A002_C014_10302Q.mp4,Product opening,Washing Machine
A002_C015_1030VV.mp4,Product opening,Washing Machine
A002_C016_10301W.mp4,Clapperboard,Washing Machine
A002_C017_1030GC.mp4,Product opening,Washing Machine
A002_C018_10305Q.mp4,Product opening,Washing Machine
A002_C019_1030BB.mp4,Product opening,Washing Machine
A002_C020_1030KW.mp4,Product opening,Washing Machine
A002_C021_1030MC.mp4,Product opening,Washing Machine
A002_C022_10304A.mp4,Product opening,Washing Machine
A002_C023_10307Q.mp4,Product opening,Washing Machine
A002_C024_1030GJ.mp4,Product opening,Washing Machine
A002_C025_1030EB.mp4,Product opening,Washing Machine
A002_C026_1030B4.mp4,Clapperboard,Washing Machine
A002_C027_1030V7.mp4,Clapperboard,Washing Machine
A002_C028_10307E.mp4,Product opening,Washing Machine
A002_C029_1030UE.mp4,Product opening,Washing Machine
A002_C030_1030X1.mp4,Product opening,Washing Machine
A002_C031_1030O8.mp4,Clapperboard,Washing Machine
A002_C032_10304F.mp4,Product opening,Washing Machine
A002_C033_10307T.mp4,Product opening,Washing Machine
A002_C034_1030B3.mp4,Product opening,Washing Machine
A002_C035_1030KD.mp4,Product opening,Washing Machine
A002_C036_1030G2.mp4,Product opening,Washing Machine
A002_C037_10308U.mp4,Product opening,Washing Machine
A002_C038_10300K.mp4,Product opening,Washing Machine
A002_C039_1030LH.mp4,Clapperboard,Washing Machine
A002_C040_10300I.mp4,Clapperboard,Washing Machine
A002_C041_1030VL.mp4,Product opening,Washing Machine
A002_C042_1030BL.mp4,Product opening,Washing Machine
A002_C043_1030A9.mp4,Product opening,Washing Machine
A002_C044_1030J9.mp4,Product opening,Washing Machine
A002_C045_10306Z.mp4,Product opening,Washing Machine
A002_C046_10300R.mp4,Clapperboard,Washing Machine
A002_C047_1030ED.mp4,Product opening,Washing Machine
A002_C048_1030DP.mp4,Product opening,Washing Machine
A002_C049_1030N3.mp4,Product opening,Washing Machine
A002_C050_103042.mp4,Product opening,Washing Machine
A002_C051_1030QX.mp4,Product opening,Washing Machine
A002_C052_1030TX.mp4,Product opening,Washing Machine
A002_C053_1030EH.mp4,Product opening,Washing Machine
A002_C054_103028.mp4,Product opening,Washing Machine
A003_C001_1030EN.mp4,Clapperboard,Washing Machine
A003_C002_1030KY.mp4,Product opening,Washing Machine
A003_C003_1030NB.mp4,Product opening,Washing Machine
A003_C004_1030UC.mp4,Clapperboard,Washing Machine
A003_C005_1030NI.mp4,Product opening,Washing Machine
A003_C006_1030ZQ.mp4,Product opening,Washing Machine
A003_C007_1030AQ.mp4,Product opening,Washing Machine
A003_C008_1030XG.mp4,Product opening,Washing Machine
A003_C009_1030VA.mp4,Product opening,Washing Machine
A003_C010_1030HV.mp4,Product opening,Washing Machine
A003_C011_1030RO.mp4,Product opening,Washing Machine
A003_C012_10301D.mp4,Product opening,Washing Machine
A003_C013_1030RB.mp4,Product opening,Washing Machine
A003_C014_10303Z.mp4,Product opening,Washing Machine
A003_C015_1030QR.mp4,Product opening,Washing Machine
A003_C016_1030KA.mp4,Product opening,Washing Machine
A003_C017_1030ZN.mp4,Clapperboard,Washing Machine
A003_C018_10304K.mp4,Application1,Washing Machine
A003_C019_1030I3.mp4,Application1,Washing Machine
A003_C020_1030ES.mp4,Application1,Washing Machine
A003_C021_1030XW.mp4,Application1,Washing Machine
A003_C022_103053.mp4,Application1,Washing Machine
A003_C023_1030XD.mp4,Application1,Washing Machine
A003_C024_103093.mp4,Application1,Washing Machine
A003_C025_1030ZM.mp4,Application1,Washing Machine
A003_C026_1030O7.mp4,Application1,Washing Machine
A003_C027_1030KK.mp4,Application1,Washing Machine
A003_C028_1030KM.mp4,Application1,Washing Machine
A003_C029_1030LR.mp4,Clapperboard,Washing Machine
A003_C030_1030FX.mp4,Application1,Washing Machine
A003_C031_10302Y.mp4,Application1,Washing Machine
A003_C032_10305I.mp4,Application1,Washing Machine
A003_C033_1030UJ.mp4,Application1,Washing Machine
A003_C034_10309B.mp4,Application1,Washing Machine
A003_C035_10304T.mp4,Application1,Washing Machine
A003_C036_1030NU.mp4,Clapperboard,Washing Machine
A003_C037_1030SJ.mp4,Clapperboard,Washing Machine
A003_C038_1030Y3.mp4,Application1,Washing Machine
A003_C039_1030JP.mp4,Application1,Washing Machine
A003_C040_10300K.mp4,Application1,Washing Machine
A003_C041_1030PG.mp4,Application1,Washing Machine
A003_C042_1030RG.mp4,Application1,Washing Machine
A003_C043_1030FG.mp4,Application1,Washing Machine
A003_C044_10304J.mp4,Application1,Washing Machine
A003_C045_1030JR.mp4,Application1,Washing Machine
A003_C046_1030LO.mp4,Application1,Washing Machine
A003_C047_103061.mp4,Clapperboard,Washing Machine
A003_C048_1030TL.mp4,Clapperboard,Washing Machine
A003_C049_10305W.mp4,Application1,Washing Machine
A003_C050_103046.mp4,Application1,Washing Machine
A003_C051_10304S.mp4,Application1,Washing Machine
A003_C052_1030L2.mp4,Application1,Washing Machine
A003_C053_10305J.mp4,Application1,Washing Machine
A004_C001_1030EC.mp4,Clapperboard,Washing Machine
A004_C002_1030DJ.mp4,Application1,Washing Machine
A004_C003_1030PO.mp4,Application1,Washing Machine
A004_C004_1030KF.mp4,Clapperboard,Washing Machine
A004_C005_1030VZ.mp4,Application1,Washing Machine
A004_C006_1030A7.mp4,Application1,Washing Machine
A004_C007_1030I1.mp4,Application1,Washing Machine
A004_C008_1030W6.mp4,Application1,Washing Machine
A004_C009_1030ZY.mp4,Clapperboard,Washing Machine
A004_C010_10308O.mp4,Application1,Washing Machine
A004_C011_103033.mp4,Application1,Washing Machine
A004_C012_1030QE.mp4,Application1,Washing Machine
A004_C013_10303P.mp4,Application1,Washing Machine
A004_C014_1030S8.mp4,Application1,Washing Machine
A004_C015_1030P0.mp4,Application1,Washing Machine
A005_C001_1030FD.mp4,Clapperboard,Washing Machine
A005_C002_1030J5.mp4,Clapperboard,Washing Machine
A005_C003_1030MP.mp4,Application1,Washing Machine
A005_C004_1030AL.mp4,Application1,Washing Machine
A005_C005_1030H2.mp4,Application1,Washing Machine
A005_C006_1030T9.mp4,Application1,Washing Machine
A005_C007_1030PP.mp4,Application1,Washing Machine
A005_C008_1030Q3.mp4,Application2,Washing Machine
A005_C009_10307N.mp4,Clapperboard,?
A005_C010_1030FS.mp4,Application2,Washing Machine
A005_C011_1030XO.mp4,Clapperboard,Washing Machine
A005_C012_1030HC.mp4,,Washing Machine
A005_C013_1030UB.mp4,,Washing Machine
A005_C014_1030RI.mp4,Clapperboard,Washing Machine Tray
A005_C015_1030WA.mp4,Waiting Time,Washing Machine Tray
A005_C016_1030Z4.mp4,Waiting Time,Washing Machine Tray
A005_C017_1030Z5.mp4,Waiting Time,Washing Machine Tray
A005_C018_10308R.mp4,Waiting Time,Washing Machine Tray
A005_C019_1030PA.mp4,Waiting Time,Washing Machine Tray
A005_C020_1030JJ.mp4,Waiting Time,Washing Machine Tray
A005_C021_1030YQ.mp4,Clapperboard,Washing Machine Tray
A005_C022_10306U.mp4,Waiting Time,Washing Machine Tray
A005_C023_1030S6.mp4,Waiting Time,Washing Machine Tray
A005_C024_10302N.mp4,Clapperboard,Washing Machine Tray
A005_C025_10301K.mp4,Waiting Time,Washing Machine Tray
A005_C026_1030D0.mp4,Waiting Time,Washing Machine Tray
A005_C027_1030R8.mp4,Clapperboard,Washing Machine Tray
A005_C028_1030K2.mp4,Waiting Time,Washing Machine Tray
A005_C029_1030Z1.mp4,Clapperboard,Washing Machine Tray
A005_C030_1030YV.mp4,Waiting Time,Washing Machine Tray
A005_C031_1030OD.mp4,Waiting Time,Washing Machine Tray
A005_C032_103072.mp4,Waiting Time,Washing Machine Tray
A005_C033_10308A.mp4,Waiting Time,Washing Machine Tray
A005_C034_103048.mp4,Clapperboard,Top Washing Machine
A005_C035_10308R.mp4,Product opening,Top Washing Machine
A005_C036_1030L4.mp4,Product opening,Top Washing Machine
A005_C037_10303M.mp4,Product opening,Top Washing Machine
A005_C038_1030KR.mp4,Product opening,Top Washing Machine
A005_C039_1030SX.mp4,Product opening,Top Washing Machine
A005_C040_1030KB.mp4,Product opening,Top Washing Machine
A005_C041_1030Y1.mp4,Product opening,Top Washing Machine
A005_C042_1030KC.mp4,Product opening,Top Washing Machine
A005_C043_103078.mp4,Product opening,Top Washing Machine
A005_C044_1030G1.mp4,Product opening,Top Washing Machine
A005_C045_1030HP.mp4,Product opening,Top Washing Machine
A006_C001_1030GV.mp4,Clapperboard,"Front Washing Machine, empty"
A006_C002_103068.mp4,Application1,"Front Washing Machine, empty"
A006_C003_1030DM.mp4,Application1,"Front Washing Machine, empty"
A006_C004_10304Z.mp4,Application1,"Front Washing Machine, empty"
A006_C005_1030F5.mp4,Application1,"Front Washing Machine, empty"
A006_C006_1030P5.mp4,Application1,"Front Washing Machine, empty"
A006_C007_10303D.mp4,Application1,"Front Washing Machine, empty"
A006_C008_1030DZ.mp4,Application1,"Front Washing Machine, empty"
A006_C009_1030LA.mp4,Application1,"Front Washing Machine, empty"
A006_C010_1030KV.mp4,Application1,"Front Washing Machine, empty"
A006_C011_1030MY.mp4,Application1,"Front Washing Machine, empty"
A006_C012_1030G8.mp4,Application1,"Front Washing Machine, empty"
A006_C013_10301R.mp4,Application1,"Front Washing Machine, empty"
A006_C014_10306P.mp4,Application1,"Front Washing Machine, empty"
A006_C015_103051.mp4,Application1,"Front Washing Machine, empty"
A006_C016_1030AX.mp4,Application1,"Front Washing Machine, empty"
A006_C017_10301Z.mp4,Clapperboard,"Front Washing Machine, empty"
A006_C018_10306S.mp4,Application1,"Front Washing Machine, empty"
A006_C019_1030KK.mp4,Application1,"Front Washing Machine, empty"
A006_C020_1030VU.mp4,Application1,"Front Washing Machine, empty"
A006_C021_1030BW.mp4,Clapperboard,"Front Washing Machine, empty"
A006_C022_1030TR.mp4,Application1,"Front Washing Machine, empty"
A006_C023_1030HD.mp4,Application1,"Front Washing Machine, empty"
A006_C024_1030JI.mp4,Clapperboard,"Front Washing Machine, empty"
A006_C025_1030UG.mp4,Application1,"Front Washing Machine, full, Whites"
A006_C026_1030D7.mp4,Application1,"Front Washing Machine, full, Whites"
A006_C027_1030PG.mp4,Application1,"Front Washing Machine, full, Whites"
A006_C028_1030SK.mp4,Application1,"Front Washing Machine, full, Whites"
A006_C029_1030JI.mp4,Clapperboard,"Front Washing Machine, full, Whites"
A006_C030_1030IG.mp4,Application1,"Front Washing Machine, full, Whites"
A006_C031_1030HK.mp4,Application1,"Front Washing Machine, full, Whites"
A006_C032_1030RU.mp4,Application1,"Front Washing Machine, full, Whites"
A006_C033_10306B.mp4,Application1,"Front Washing Machine, full, Whites"
A006_C034_1030JK.mp4,Application1,"Front Washing Machine, full, Whites"
A006_C035_1030CT.mp4,Clapperboard,"Front Washing Machine, full, Coloureds"
A006_C036_1030T0.mp4,Application1,"Front Washing Machine, full, Coloureds"
A006_C037_1030UZ.mp4,Application1,"Front Washing Machine, full, Coloureds"
A006_C038_1030FS.mp4,Application1,"Front Washing Machine, full, Coloureds"
A006_C039_10305B.mp4,Clapperboard,"Front Washing Machine, full, Coloureds"
A006_C040_1030VO.mp4,Application1,"Front Washing Machine, full, Coloureds"
A006_C041_1030KU.mp4,Application1,"Front Washing Machine, full, Coloureds"
A006_C042_1030CP.mp4,Application1,"Front Washing Machine, full, Coloureds"
A006_C043_10307X.mp4,Application1,"Front Washing Machine, full, Coloureds"
A007_C001_1030FQ.mp4,Clapperboard,"Front Washing Machine, full, Coloureds"
A007_C002_1030VF.mp4,Application1,"Front Washing Machine, full, Coloureds"
A007_C003_1030YL.mp4,Application1,"Front Washing Machine, full, Coloureds"
A007_C004_1030C3.mp4,Application1,"Front Washing Machine, full, Coloureds"
A007_C005_1030ND.mp4,Application1,"Front Washing Machine, full, Coloureds"
A007_C006_1030LU.mp4,Application1,"Front Washing Machine, full, Coloureds"
A007_C007_1030JF.mp4,Application1,"Front Washing Machine, full, Coloureds"
A007_C008_1030Y2.mp4,Application1,"Front Washing Machine, full, Coloureds"
A007_C009_1030AU.mp4,Clapperboard,"Front Washing Machine, full, Coloureds"
A007_C010_10300U.mp4,Application1,"Front Washing Machine, full, Coloureds"
A007_C011_1030JS.mp4,,"Front Washing Machine, full, Whites"
A007_C012_1030DD.mp4,Application1,"Front Washing Machine, full, Whites"
A007_C013_1030MD.mp4,Application1,"Front Washing Machine, full, Whites"
A007_C014_103031.mp4,Application1,"Front Washing Machine, full, Whites"
A007_C015_103097.mp4,Application1,"Front Washing Machine, full, Whites"
A007_C016_1030CA.mp4,Clapperboard,"Front Washing Machine, full, Whites"
A007_C017_10306S.mp4,Application1,"Front Washing Machine, full, Whites"
A007_C018_1030GJ.mp4,Application1,"Front Washing Machine, full, Whites"
A007_C019_1030LQ.mp4,Application1,"Front Washing Machine, full, Whites"
A007_C020_1030TB.mp4,Application1,"Front Washing Machine, full, Whites"
A007_C021_1030Y7.mp4,Clapperboard,"Front Washing Machine, full, Whites"
A007_C022_10305Q.mp4,Application1,"Front Washing Machine, full, Whites"
A007_C023_10305L.mp4,Application2,"Front Washing Machine, Washing, Whites"
A007_C024_1030VA.mp4,Application2,"Front Washing Machine, Washing, Coloureds"
A007_C025_1030M7.mp4,Results,"Laundry, Folded, Whites"
A007_C026_1030T7.mp4,Results,"Laundry, Folded, Whites"
A007_C027_1030Z1.mp4,Results,"Laundry, Folded, Whites"
A007_C028_10305O.mp4,Results,"Laundry, Folded, Coloured"
A007_C029_10306Z.mp4,Results,"Laundry, Folded, Coloured"
A007_C030_1030HF.mp4,Results,"Laundry, Folded, Coloured"
A007_C031_1030QF.mp4,Results,"Laundry, Folded, Coloured"
A008_C001_10319B.mp4,Splash Screen,Bathroom
A008_C002_103166.mp4,Splash Screen,Bathroom
A008_C003_1031GK.mp4,Splash Screen,Bathroom
A008_C004_1031JQ.mp4,Splash Screen,Bathroom
A008_C005_1031OF.mp4,Splash Screen,Bathroom
A008_C006_1031KZ.mp4,Splash Screen,Bathroom
A008_C007_1031GK.mp4,Splash Screen,Bathroom
A008_C008_1031FL.mp4,Splash Screen,Bathroom
A008_C009_1031OZ.mp4,Clapperboard,Bathroom
A008_C010_1031VX.mp4,Product opening,Bathroom
A008_C011_1031OA.mp4,Product opening,Bathroom
A008_C012_1031T1.mp4,Product opening,Bathroom
A008_C013_1031OC.mp4,Product opening,Bathroom
A008_C014_1031T0.mp4,Product opening,Bathroom
A008_C015_1031CX.mp4,Product opening,Bathroom
A008_C016_10317T.mp4,Clapperboard,Bathroom
A008_C017_1031CT.mp4,Product opening,Bathroom
A008_C018_1031EV.mp4,Product opening,Bathroom
A008_C019_1031CM.mp4,Product opening,Bathroom
A008_C020_1031ZN.mp4,Product opening,Bathroom
A008_C021_10314P.mp4,Product opening,Bathroom
A008_C022_10310W.mp4,Product opening,Bathroom
A008_C023_1031SJ.mp4,Product opening,Bathroom
A008_C024_10319T.mp4,Product opening,Bathroom
A008_C025_1031ZF.mp4,Clapperboard,Bathroom
A008_C026_1031A1.mp4,Clapperboard,Bathroom
A008_C027_1031WS.mp4,Product opening,Bathroom
A008_C028_1031GA.mp4,Product opening,Bathroom
A008_C029_1031M0.mp4,Product opening,Bathroom
A008_C030_103192.mp4,Clapperboard,Bathroom
A008_C031_10319I.mp4,Product opening,Bathroom
A008_C032_1031SQ.mp4,Product opening,Bathroom
A008_C033_1031NV.mp4,Product opening,Bathroom
A008_C034_1031SX.mp4,Product opening,Bathroom
A008_C035_1031MY.mp4,Clapperboard,Bathroom
A008_C036_1031JZ.mp4,Product opening,Bathroom
A008_C037_1031Z9.mp4,Product opening,Bathroom
A008_C038_1031MC.mp4,Product opening,Bathroom
A008_C039_103143.mp4,Product opening,Bathroom
A008_C040_1031IJ.mp4,Product opening,Bathroom
A008_C041_1031XC.mp4,Product opening,Bathroom
A008_C042_1031BO.mp4,Product opening,Bathroom
A008_C043_1031KV.mp4,Product opening,Bathroom
A008_C044_103137.mp4,Clapperboard,Bathroom
A008_C045_1031HG.mp4,Product opening,Bathroom
A008_C046_1031AR.mp4,Product opening,Bathroom
A008_C047_10317P.mp4,Product opening,Bathroom
A008_C048_10315T.mp4,Product opening,Bathroom
A008_C049_10312O.mp4,Product opening,Bathroom
A008_C050_10314H.mp4,Product opening,Bathroom
A008_C051_1031IN.mp4,Product opening,Bathroom
A008_C052_1031QG.mp4,Clapperboard,Bathroom
A008_C053_1031YI.mp4,Product opening,Bathroom
A008_C054_10317D.mp4,Product opening,Bathroom
A008_C055_1031XW.mp4,Product opening,Bathroom
A008_C056_1031JD.mp4,Clapperboard,Bathroom
A008_C057_1031A4.mp4,Product opening,Bathroom
A008_C058_10316L.mp4,Product opening,Bathroom
A009_C001_1031QF.mp4,,Shower
A009_C002_10313J.mp4,,Shower
A009_C003_1031PL.mp4,Clapperboard,Shower
A009_C004_1031OG.mp4,Application1,Shower
A009_C005_1031U6.mp4,Application1,Shower
A009_C006_1031EM.mp4,Application1,Shower
A009_C007_1031NU.mp4,Application1,Shower
A009_C008_1031JA.mp4,Application1,Shower
A009_C009_1031FK.mp4,Application1,Shower
A009_C010_1031SD.mp4,Application1,Shower
A009_C011_10310T.mp4,Application1,Shower
A009_C012_10319L.mp4,Application1,Shower
A009_C013_10313T.mp4,Application1,Shower
A009_C014_103121.mp4,Clapperboard,Shower
A009_C015_1031HV.mp4,Application1,Shower
A009_C016_1031LZ.mp4,Application1,Shower
A009_C017_1031UT.mp4,Application1,Shower
A009_C018_1031MH.mp4,Application1,Shower
A009_C019_1031P3.mp4,Application1,Shower
A009_C020_1031XN.mp4,Application1,Shower
A009_C021_1031U4.mp4,Clapperboard,Shower
A009_C022_1031T9.mp4,Application1,Shower
A009_C023_1031ZN.mp4,Application1,Shower
A009_C024_10313F.mp4,Application1,Shower
A009_C025_1031ZV.mp4,Application1,Shower
A009_C026_1031VW.mp4,Application1,Shower
A009_C027_1031Y0.mp4,Application1,Shower
A009_C028_10317W.mp4,Application1,Shower
A009_C029_1031XU.mp4,Application1,Shower
A009_C030_1031ZP.mp4,Application1,Shower
A009_C031_1031L7.mp4,Application1,Shower
A009_C032_1031NQ.mp4,Clapperboard,Shower
A009_C033_1031KP.mp4,Clapperboard,Shower
A009_C034_1031W5.mp4,Application1,Shower
A009_C035_1031NE.mp4,Application1,Shower
A009_C036_1031OU.mp4,Clapperboard,Shower
A009_C037_103199.mp4,Clapperboard,Shower
A009_C038_1031EA.mp4,Application1,Shower
A009_C039_1031ZB.mp4,Application1,Shower
A009_C040_10315G.mp4,Application1,Shower
A010_C001_1031IE.mp4,Clapperboard,Bath Tub
A010_C002_1031DZ.mp4,Clapperboard,Bath Tub
A010_C003_1031CS.mp4,Application1,Bath Tub
A010_C004_1031D6.mp4,Application1,Bath Tub
A010_C005_1031B4.mp4,Application1,Bath Tub
A010_C006_1031I8.mp4,,Bath Tub
A010_C007_1031TJ.mp4,,Bath Tub
A010_C008_1031FL.mp4,Clapperboard,Bath Tub
A010_C009_1031TP.mp4,,Bath Tub
A010_C010_1031B1.mp4,Waiting Time,Bath Tub
A010_C011_1031NQ.mp4,Clapperboard,Bath Tub
A010_C012_1031DY.mp4,Waiting Time,Bath Tub
A010_C013_1031E5.mp4,Application1,Bath Tub
A010_C014_10315X.mp4,Clapperboard,Bath Tub
A010_C015_1031NB.mp4,Results,Bath Tub
A010_C016_1031CH.mp4,Application1,Bath Tub
A010_C017_10318K.mp4,Application1,Bath Tub
A010_C018_1031V9.mp4,Results,Bath Tub
A010_C019_1031JB.mp4,,Bath Tub
A010_C020_1031FW.mp4,Results,Bath Tub
A010_C021_1031WQ.mp4,Application2,Bath Tub
A010_C022_10315M.mp4,Application1,Bath Tub
A010_C023_1031HP.mp4,Application1,Bath Tub
A010_C024_1031EQ.mp4,Application1,Bath Tub
A010_C025_1031JK.mp4,Application1,Bath Tub
A010_C026_1031Y1.mp4,Application1,Toilet
A010_C027_1031I8.mp4,Application1,Toilet
A010_C028_10310G.mp4,Application1,Toilet
A010_C029_1031M8.mp4,Application1,Toilet
A010_C030_103130.mp4,Application2,Toilet
A010_C031_1031SW.mp4,Application2,Toilet
A010_C032_1031IA.mp4,Application2,Toilet
A010_C033_1031W4.mp4,Application2,Toilet
A010_C034_103133.mp4,Results,Toilet
A010_C035_1031RF.mp4,Results,Toilet
A010_C036_10314R.mp4,Results,Toilet
A010_C037_1031W2.mp4,Results,Toilet
A011_C001_103154.mp4,Clapperboard,Toilet
A011_C002_10312M.mp4,Clapperboard,Toilet
A011_C003_1031KY.mp4,Application1,Toilet
A011_C004_1031BD.mp4,Application1,Toilet
A011_C005_1031AD.mp4,Waiting Time,Toilet
A011_C006_1031OB.mp4,Application2,Toilet
A011_C007_1031OO.mp4,Application1,Toilet
A011_C008_1031NP.mp4,Waiting Time,Toilet
A011_C009_103139.mp4,Clapperboard,Toilet
A011_C010_1031XU.mp4,Clapperboard,Toilet
A011_C011_1031R3.mp4,Application2,Toilet
A011_C012_1031AM.mp4,Clapperboard,Toilet
A011_C013_1031Y3.mp4,Waiting Time,Toilet
A011_C014_1031SA.mp4,Clapperboard,Toilet
A011_C015_1031I2.mp4,Waiting Time,Toilet
A011_C016_1031S8.mp4,Clapperboard,Toilet
A011_C017_1031D4.mp4,Application1,Toilet
A011_C018_1031IV.mp4,Waiting Time,Toilet
A011_C019_1031C5.mp4,Results,Toilet
A012_C001_1031RH.mp4,Splash Screen,Kitchen
A012_C002_1031RG.mp4,Splash Screen,Kitchen
A012_C003_1031NV.mp4,Splash Screen,Kitchen
A012_C004_1031BY.mp4,Splash Screen,Kitchen
A012_C005_1031OA.mp4,Splash Screen,Kitchen
A012_C006_10315T.mp4,Clapperboard,Kitchen
A012_C007_1031NY.mp4,Product opening,Kitchen
A012_C008_1031VN.mp4,Product opening,Kitchen
A012_C009_1031FI.mp4,Product opening,Kitchen
A012_C010_103199.mp4,Product opening,Kitchen
A012_C011_1031Z9.mp4,Product opening,Kitchen
A012_C012_1031FU.mp4,Product opening,Kitchen
A012_C013_10312Y.mp4,Clapperboard,Kitchen
A012_C014_10312R.mp4,Product opening,Kitchen
A012_C015_1031VF.mp4,Product opening,Kitchen
A012_C016_1031UO.mp4,Product opening,Kitchen
A012_C017_1031HT.mp4,Clapperboard,Kitchen
A012_C018_103123.mp4,Product opening,Kitchen
A012_C019_1031X5.mp4,Product opening,Kitchen
A012_C020_1031KI.mp4,Product opening,Kitchen
A012_C021_1031IO.mp4,Product opening,Kitchen
A012_C022_1031A0.mp4,Product opening,Kitchen
A012_C023_10315Z.mp4,Product opening,Kitchen
A012_C024_1031NZ.mp4,Product opening,Kitchen
A012_C025_1031H8.mp4,Clapperboard,Kitchen
A012_C026_10312K.mp4,Product opening,Kitchen
A012_C027_1031B3.mp4,Product opening,Kitchen
A012_C028_1031CR.mp4,Product opening,Kitchen
A012_C029_10311O.mp4,Product opening,Kitchen
A012_C030_1031CB.mp4,Product opening,Kitchen
A013_C001_1101BI.mp4,Application2,Kitchen
A013_C002_11019P.mp4,Application2,Kitchen
A013_C003_11018D.mp4,Application2,Kitchen
A013_C004_1101HW.mp4,Clapperboard,Kitchen
A013_C005_1101PI.mp4,Product opening,Kitchen
A013_C006_1101P6.mp4,Product opening,Kitchen
A013_C007_1101L3.mp4,Product opening,Kitchen
A014_C001_1101IB.mp4,Product opening,Kitchen
A014_C002_1101UX.mp4,Product opening,Kitchen
A014_C003_1101YO.mp4,Product opening,Kitchen
A014_C004_1101WN.mp4,Product opening,Kitchen
A014_C005_1101T0.mp4,Product opening,Kitchen
A014_C006_1101PM.mp4,Product opening,Kitchen
A014_C007_1101PN.mp4,Product opening,Kitchen
A014_C008_1101Z3.mp4,Product opening,Kitchen
A014_C009_1101R1.mp4,Product opening,Kitchen
A014_C010_1101L7.mp4,Product opening,Kitchen
A014_C011_1101GH.mp4,Product opening,Kitchen
A014_C012_1101S0.mp4,Product opening,Kitchen
A015_C001_11017L.mp4,Clapperboard,Kitchen
A015_C002_1101I2.mp4,,Kitchen
A015_C003_11011B.mp4,,Kitchen
A015_C004_1101WD.mp4,Application1,Kitchen
A015_C005_110136.mp4,Application1,Kitchen
A015_C006_1101EK.mp4,Clapperboard,Kitchen
A015_C007_1101KS.mp4,Application1,Kitchen
A015_C008_1101EV.mp4,Application1,Kitchen